{
  "_format": "hh-sol-cache-2",
  "files": {
    "/home/runner/workspace/contracts/liquidity/LPTokenWrapper.sol": {
      "lastModificationDate": 1761749348591,
      "contentHash": "103c5641cbb5ceedcb7398a3ff6e8ea3",
      "sourceName": "contracts/liquidity/LPTokenWrapper.sol",
      "solcConfig": {
        "version": "0.8.27",
        "settings": {
          "optimizer": {
            "enabled": true,
            "runs": 200
          },
          "evmVersion": "paris",
          "outputSelection": {
            "*": {
              "*": [
                "abi",
                "evm.bytecode",
                "evm.deployedBytecode",
                "evm.methodIdentifiers",
                "metadata"
              ],
              "": [
                "ast"
              ]
            }
          }
        }
      },
      "imports": [
        "@openzeppelin/contracts/token/ERC20/IERC20.sol",
        "@openzeppelin/contracts/token/ERC20/utils/SafeERC20.sol"
      ],
      "versionPragmas": [
        "^0.8.27"
      ],
      "artifacts": [
        "LPTokenWrapper"
      ]
    },
    "/home/runner/workspace/node_modules/@openzeppelin/contracts/token/ERC20/IERC20.sol": {
      "lastModificationDate": 1761749208091,
      "contentHash": "df36f7051335cd1e748b1b6463b7fdd3",
      "sourceName": "@openzeppelin/contracts/token/ERC20/IERC20.sol",
      "solcConfig": {
        "version": "0.8.27",
        "settings": {
          "optimizer": {
            "enabled": true,
            "runs": 200
          },
          "evmVersion": "paris",
          "outputSelection": {
            "*": {
              "*": [
                "abi",
                "evm.bytecode",
                "evm.deployedBytecode",
                "evm.methodIdentifiers",
                "metadata"
              ],
              "": [
                "ast"
              ]
            }
          }
        }
      },
      "imports": [],
      "versionPragmas": [
        "^0.8.0"
      ],
      "artifacts": [
        "IERC20"
      ]
    },
    "/home/runner/workspace/node_modules/@openzeppelin/contracts/token/ERC20/utils/SafeERC20.sol": {
      "lastModificationDate": 1761749208226,
      "contentHash": "1b5d667d3740d866eca0352758e59827",
      "sourceName": "@openzeppelin/contracts/token/ERC20/utils/SafeERC20.sol",
      "solcConfig": {
        "version": "0.8.27",
        "settings": {
          "optimizer": {
            "enabled": true,
            "runs": 200
          },
          "evmVersion": "paris",
          "outputSelection": {
            "*": {
              "*": [
                "abi",
                "evm.bytecode",
                "evm.deployedBytecode",
                "evm.methodIdentifiers",
                "metadata"
              ],
              "": [
                "ast"
              ]
            }
          }
        }
      },
      "imports": [
        "../IERC20.sol",
        "../extensions/IERC20Permit.sol",
        "../../../utils/Address.sol"
      ],
      "versionPragmas": [
        "^0.8.0"
      ],
      "artifacts": [
        "SafeERC20"
      ]
    },
    "/home/runner/workspace/node_modules/@openzeppelin/contracts/utils/Address.sol": {
      "lastModificationDate": 1761749207484,
      "contentHash": "211ffd288c1588ba8c10eae668ca3c66",
      "sourceName": "@openzeppelin/contracts/utils/Address.sol",
      "solcConfig": {
        "version": "0.8.27",
        "settings": {
          "optimizer": {
            "enabled": true,
            "runs": 200
          },
          "evmVersion": "paris",
          "outputSelection": {
            "*": {
              "*": [
                "abi",
                "evm.bytecode",
                "evm.deployedBytecode",
                "evm.methodIdentifiers",
                "metadata"
              ],
              "": [
                "ast"
              ]
            }
          }
        }
      },
      "imports": [],
      "versionPragmas": [
        "^0.8.1"
      ],
      "artifacts": [
        "Address"
      ]
    },
    "/home/runner/workspace/node_modules/@openzeppelin/contracts/token/ERC20/extensions/IERC20Permit.sol": {
      "lastModificationDate": 1761749208096,
      "contentHash": "525fcdad8d171312933f47baf01d1ed8",
      "sourceName": "@openzeppelin/contracts/token/ERC20/extensions/IERC20Permit.sol",
      "solcConfig": {
        "version": "0.8.27",
        "settings": {
          "optimizer": {
            "enabled": true,
            "runs": 200
          },
          "evmVersion": "paris",
          "outputSelection": {
            "*": {
              "*": [
                "abi",
                "evm.bytecode",
                "evm.deployedBytecode",
                "evm.methodIdentifiers",
                "metadata"
              ],
              "": [
                "ast"
              ]
            }
          }
        }
      },
      "imports": [],
      "versionPragmas": [
        "^0.8.0"
      ],
      "artifacts": [
        "IERC20Permit"
      ]
    },
    "/home/runner/workspace/node_modules/@openzeppelin/contracts/token/ERC20/extensions/IERC20Metadata.sol": {
      "lastModificationDate": 1761749208094,
      "contentHash": "909ab67fc5c25033fe6cd364f8c056f9",
      "sourceName": "@openzeppelin/contracts/token/ERC20/extensions/IERC20Metadata.sol",
      "solcConfig": {
        "version": "0.8.27",
        "settings": {
          "optimizer": {
            "enabled": true,
            "runs": 200
          },
          "evmVersion": "paris",
          "outputSelection": {
            "*": {
              "*": [
                "abi",
                "evm.bytecode",
                "evm.deployedBytecode",
                "evm.methodIdentifiers",
                "metadata"
              ],
              "": [
                "ast"
              ]
            }
          }
        }
      },
      "imports": [
        "../IERC20.sol"
      ],
      "versionPragmas": [
        "^0.8.0"
      ],
      "artifacts": [
        "IERC20Metadata"
      ]
    },
    "/home/runner/workspace/node_modules/@openzeppelin/contracts/token/ERC20/ERC20.sol": {
      "lastModificationDate": 1761749207695,
      "contentHash": "3ae5166c6827a9cf1a7a462d1632b464",
      "sourceName": "@openzeppelin/contracts/token/ERC20/ERC20.sol",
      "solcConfig": {
        "version": "0.8.27",
        "settings": {
          "optimizer": {
            "enabled": true,
            "runs": 200
          },
          "evmVersion": "paris",
          "outputSelection": {
            "*": {
              "*": [
                "abi",
                "evm.bytecode",
                "evm.deployedBytecode",
                "evm.methodIdentifiers",
                "metadata"
              ],
              "": [
                "ast"
              ]
            }
          }
        }
      },
      "imports": [
        "./IERC20.sol",
        "./extensions/IERC20Metadata.sol",
        "../../utils/Context.sol"
      ],
      "versionPragmas": [
        "^0.8.0"
      ],
      "artifacts": [
        "ERC20"
      ]
    },
    "/home/runner/workspace/node_modules/@openzeppelin/contracts/utils/Context.sol": {
      "lastModificationDate": 1761749207544,
      "contentHash": "f07feb4a44b1a4872370da5aa70e8e46",
      "sourceName": "@openzeppelin/contracts/utils/Context.sol",
      "solcConfig": {
        "version": "0.8.27",
        "settings": {
          "optimizer": {
            "enabled": true,
            "runs": 200
          },
          "evmVersion": "paris",
          "outputSelection": {
            "*": {
              "*": [
                "abi",
                "evm.bytecode",
                "evm.deployedBytecode",
                "evm.methodIdentifiers",
                "metadata"
              ],
              "": [
                "ast"
              ]
            }
          }
        }
      },
      "imports": [],
      "versionPragmas": [
        "^0.8.0"
      ],
      "artifacts": [
        "Context"
      ]
    },
    "/home/runner/workspace/node_modules/@openzeppelin/contracts/token/ERC20/extensions/ERC20Burnable.sol": {
      "lastModificationDate": 1761749207697,
      "contentHash": "a1c7f80ae26f5b2d7d563475627fbf25",
      "sourceName": "@openzeppelin/contracts/token/ERC20/extensions/ERC20Burnable.sol",
      "solcConfig": {
        "version": "0.8.27",
        "settings": {
          "optimizer": {
            "enabled": true,
            "runs": 200
          },
          "evmVersion": "paris",
          "outputSelection": {
            "*": {
              "*": [
                "abi",
                "evm.bytecode",
                "evm.deployedBytecode",
                "evm.methodIdentifiers",
                "metadata"
              ],
              "": [
                "ast"
              ]
            }
          }
        }
      },
      "imports": [
        "../ERC20.sol",
        "../../../utils/Context.sol"
      ],
      "versionPragmas": [
        "^0.8.0"
      ],
      "artifacts": [
        "ERC20Burnable"
      ]
    },
    "/home/runner/workspace/contracts/token/TokenBurner.sol": {
      "lastModificationDate": 1761749348543,
      "contentHash": "7963f34280cbacaeff57a077f755ddcf",
      "sourceName": "contracts/token/TokenBurner.sol",
      "solcConfig": {
        "version": "0.8.27",
        "settings": {
          "optimizer": {
            "enabled": true,
            "runs": 200
          },
          "evmVersion": "paris",
          "outputSelection": {
            "*": {
              "*": [
                "abi",
                "evm.bytecode",
                "evm.deployedBytecode",
                "evm.methodIdentifiers",
                "metadata"
              ],
              "": [
                "ast"
              ]
            }
          }
        }
      },
      "imports": [
        "@openzeppelin/contracts/access/Ownable.sol",
        "@openzeppelin/contracts/token/ERC20/extensions/ERC20Burnable.sol"
      ],
      "versionPragmas": [
        "^0.8.27"
      ],
      "artifacts": [
        "TokenBurner"
      ]
    },
    "/home/runner/workspace/node_modules/@openzeppelin/contracts/access/Ownable.sol": {
      "lastModificationDate": 1761749208194,
      "contentHash": "5a20b2cad87ddb61c7a3a6af21289e28",
      "sourceName": "@openzeppelin/contracts/access/Ownable.sol",
      "solcConfig": {
        "version": "0.8.27",
        "settings": {
          "optimizer": {
            "enabled": true,
            "runs": 200
          },
          "evmVersion": "paris",
          "outputSelection": {
            "*": {
              "*": [
                "abi",
                "evm.bytecode",
                "evm.deployedBytecode",
                "evm.methodIdentifiers",
                "metadata"
              ],
              "": [
                "ast"
              ]
            }
          }
        }
      },
      "imports": [
        "../utils/Context.sol"
      ],
      "versionPragmas": [
        "^0.8.0"
      ],
      "artifacts": [
        "Ownable"
      ]
    },
    "/home/runner/workspace/contracts/vesting/TokenVesting.sol": {
      "lastModificationDate": 1761749348745,
      "contentHash": "7b8ee4a31669ba23e2347d4c20d635f6",
      "sourceName": "contracts/vesting/TokenVesting.sol",
      "solcConfig": {
        "version": "0.8.27",
        "settings": {
          "optimizer": {
            "enabled": true,
            "runs": 200
          },
          "evmVersion": "paris",
          "outputSelection": {
            "*": {
              "*": [
                "abi",
                "evm.bytecode",
                "evm.deployedBytecode",
                "evm.methodIdentifiers",
                "metadata"
              ],
              "": [
                "ast"
              ]
            }
          }
        }
      },
      "imports": [
        "@openzeppelin/contracts/token/ERC20/IERC20.sol",
        "@openzeppelin/contracts/token/ERC20/utils/SafeERC20.sol",
        "@openzeppelin/contracts/access/Ownable.sol"
      ],
      "versionPragmas": [
        "^0.8.27"
      ],
      "artifacts": [
        "TokenVesting"
      ]
    },
    "/home/runner/workspace/contracts/vesting/TeamVestingFactory.sol": {
      "lastModificationDate": 1761749348754,
      "contentHash": "b0c3c781eafcb10740794e3b35ccfee6",
      "sourceName": "contracts/vesting/TeamVestingFactory.sol",
      "solcConfig": {
        "version": "0.8.27",
        "settings": {
          "optimizer": {
            "enabled": true,
            "runs": 200
          },
          "evmVersion": "paris",
          "outputSelection": {
            "*": {
              "*": [
                "abi",
                "evm.bytecode",
                "evm.deployedBytecode",
                "evm.methodIdentifiers",
                "metadata"
              ],
              "": [
                "ast"
              ]
            }
          }
        }
      },
      "imports": [
        "./TokenVesting.sol",
        "@openzeppelin/contracts/access/Ownable.sol"
      ],
      "versionPragmas": [
        "^0.8.27"
      ],
      "artifacts": [
        "TeamVestingFactory"
      ]
    },
    "/home/runner/workspace/contracts/vesting/InvestorVesting.sol": {
      "lastModificationDate": 1761749348762,
      "contentHash": "7b76524e66c18e3c5abedb1a759dbeed",
      "sourceName": "contracts/vesting/InvestorVesting.sol",
      "solcConfig": {
        "version": "0.8.27",
        "settings": {
          "optimizer": {
            "enabled": true,
            "runs": 200
          },
          "evmVersion": "paris",
          "outputSelection": {
            "*": {
              "*": [
                "abi",
                "evm.bytecode",
                "evm.deployedBytecode",
                "evm.methodIdentifiers",
                "metadata"
              ],
              "": [
                "ast"
              ]
            }
          }
        }
      },
      "imports": [
        "@openzeppelin/contracts/token/ERC20/IERC20.sol",
        "@openzeppelin/contracts/token/ERC20/utils/SafeERC20.sol",
        "@openzeppelin/contracts/access/Ownable.sol"
      ],
      "versionPragmas": [
        "^0.8.27"
      ],
      "artifacts": [
        "InvestorVesting"
      ]
    },
    "/home/runner/workspace/contracts/treasury/FundDistributor.sol": {
      "lastModificationDate": 1761749348712,
      "contentHash": "9b567fe12b9cac0658c854511f2cf530",
      "sourceName": "contracts/treasury/FundDistributor.sol",
      "solcConfig": {
        "version": "0.8.27",
        "settings": {
          "optimizer": {
            "enabled": true,
            "runs": 200
          },
          "evmVersion": "paris",
          "outputSelection": {
            "*": {
              "*": [
                "abi",
                "evm.bytecode",
                "evm.deployedBytecode",
                "evm.methodIdentifiers",
                "metadata"
              ],
              "": [
                "ast"
              ]
            }
          }
        }
      },
      "imports": [
        "@openzeppelin/contracts/token/ERC20/IERC20.sol",
        "@openzeppelin/contracts/token/ERC20/utils/SafeERC20.sol",
        "@openzeppelin/contracts/access/Ownable.sol"
      ],
      "versionPragmas": [
        "^0.8.27"
      ],
      "artifacts": [
        "FundDistributor"
      ]
    },
    "/home/runner/workspace/contracts/staking/VeToken.sol": {
      "lastModificationDate": 1761749348635,
      "contentHash": "36ae0d8f266a114eb4a2ba019190ee34",
      "sourceName": "contracts/staking/VeToken.sol",
      "solcConfig": {
        "version": "0.8.27",
        "settings": {
          "optimizer": {
            "enabled": true,
            "runs": 200
          },
          "evmVersion": "paris",
          "outputSelection": {
            "*": {
              "*": [
                "abi",
                "evm.bytecode",
                "evm.deployedBytecode",
                "evm.methodIdentifiers",
                "metadata"
              ],
              "": [
                "ast"
              ]
            }
          }
        }
      },
      "imports": [
        "@openzeppelin/contracts/token/ERC20/IERC20.sol",
        "@openzeppelin/contracts/token/ERC20/utils/SafeERC20.sol",
        "@openzeppelin/contracts/access/Ownable.sol"
      ],
      "versionPragmas": [
        "^0.8.27"
      ],
      "artifacts": [
        "VeToken"
      ]
    },
    "/home/runner/workspace/contracts/staking/StakingPool.sol": {
      "lastModificationDate": 1761749348663,
      "contentHash": "9eb8ed0ae2afbb732a4a250c710012b1",
      "sourceName": "contracts/staking/StakingPool.sol",
      "solcConfig": {
        "version": "0.8.27",
        "settings": {
          "optimizer": {
            "enabled": true,
            "runs": 200
          },
          "evmVersion": "paris",
          "outputSelection": {
            "*": {
              "*": [
                "abi",
                "evm.bytecode",
                "evm.deployedBytecode",
                "evm.methodIdentifiers",
                "metadata"
              ],
              "": [
                "ast"
              ]
            }
          }
        }
      },
      "imports": [
        "@openzeppelin/contracts/token/ERC20/IERC20.sol",
        "@openzeppelin/contracts/token/ERC20/utils/SafeERC20.sol",
        "@openzeppelin/contracts/access/Ownable.sol",
        "@openzeppelin/contracts/security/ReentrancyGuard.sol"
      ],
      "versionPragmas": [
        "^0.8.27"
      ],
      "artifacts": [
        "StakingPool"
      ]
    },
    "/home/runner/workspace/node_modules/@openzeppelin/contracts/security/ReentrancyGuard.sol": {
      "lastModificationDate": 1761749208213,
      "contentHash": "1535f8c0c68463f8c1b5239f7584e71f",
      "sourceName": "@openzeppelin/contracts/security/ReentrancyGuard.sol",
      "solcConfig": {
        "version": "0.8.27",
        "settings": {
          "optimizer": {
            "enabled": true,
            "runs": 200
          },
          "evmVersion": "paris",
          "outputSelection": {
            "*": {
              "*": [
                "abi",
                "evm.bytecode",
                "evm.deployedBytecode",
                "evm.methodIdentifiers",
                "metadata"
              ],
              "": [
                "ast"
              ]
            }
          }
        }
      },
      "imports": [],
      "versionPragmas": [
        "^0.8.0"
      ],
      "artifacts": [
        "ReentrancyGuard"
      ]
    },
    "/home/runner/workspace/contracts/staking/RewardDistributor.sol": {
      "lastModificationDate": 1761749348625,
      "contentHash": "3f781ef26ccb27962e51a0d6c5da1636",
      "sourceName": "contracts/staking/RewardDistributor.sol",
      "solcConfig": {
        "version": "0.8.27",
        "settings": {
          "optimizer": {
            "enabled": true,
            "runs": 200
          },
          "evmVersion": "paris",
          "outputSelection": {
            "*": {
              "*": [
                "abi",
                "evm.bytecode",
                "evm.deployedBytecode",
                "evm.methodIdentifiers",
                "metadata"
              ],
              "": [
                "ast"
              ]
            }
          }
        }
      },
      "imports": [
        "@openzeppelin/contracts/token/ERC20/IERC20.sol",
        "@openzeppelin/contracts/token/ERC20/utils/SafeERC20.sol",
        "@openzeppelin/contracts/access/Ownable.sol"
      ],
      "versionPragmas": [
        "^0.8.27"
      ],
      "artifacts": [
        "RewardDistributor"
      ]
    },
    "/home/runner/workspace/contracts/oracles/VolatilityOracle.sol": {
      "lastModificationDate": 1761749348786,
      "contentHash": "3d4546d1e512398383e053983ea1b7d0",
      "sourceName": "contracts/oracles/VolatilityOracle.sol",
      "solcConfig": {
        "version": "0.8.27",
        "settings": {
          "optimizer": {
            "enabled": true,
            "runs": 200
          },
          "evmVersion": "paris",
          "outputSelection": {
            "*": {
              "*": [
                "abi",
                "evm.bytecode",
                "evm.deployedBytecode",
                "evm.methodIdentifiers",
                "metadata"
              ],
              "": [
                "ast"
              ]
            }
          }
        }
      },
      "imports": [
        "@openzeppelin/contracts/access/Ownable.sol"
      ],
      "versionPragmas": [
        "^0.8.27"
      ],
      "artifacts": [
        "VolatilityOracle"
      ]
    },
    "/home/runner/workspace/contracts/oracles/PriceOracle.sol": {
      "lastModificationDate": 1761749348777,
      "contentHash": "ebff6d8bdcb907b2ba9910071bbafc07",
      "sourceName": "contracts/oracles/PriceOracle.sol",
      "solcConfig": {
        "version": "0.8.27",
        "settings": {
          "optimizer": {
            "enabled": true,
            "runs": 200
          },
          "evmVersion": "paris",
          "outputSelection": {
            "*": {
              "*": [
                "abi",
                "evm.bytecode",
                "evm.deployedBytecode",
                "evm.methodIdentifiers",
                "metadata"
              ],
              "": [
                "ast"
              ]
            }
          }
        }
      },
      "imports": [
        "@openzeppelin/contracts/access/Ownable.sol"
      ],
      "versionPragmas": [
        "^0.8.27"
      ],
      "artifacts": [
        "PriceOracle"
      ]
    },
    "/home/runner/workspace/contracts/monitoring/EventLogger.sol": {
      "lastModificationDate": 1761749348805,
      "contentHash": "6ec45ed071911b60eb3a5cb492a5bb9a",
      "sourceName": "contracts/monitoring/EventLogger.sol",
      "solcConfig": {
        "version": "0.8.27",
        "settings": {
          "optimizer": {
            "enabled": true,
            "runs": 200
          },
          "evmVersion": "paris",
          "outputSelection": {
            "*": {
              "*": [
                "abi",
                "evm.bytecode",
                "evm.deployedBytecode",
                "evm.methodIdentifiers",
                "metadata"
              ],
              "": [
                "ast"
              ]
            }
          }
        }
      },
      "imports": [
        "@openzeppelin/contracts/access/Ownable.sol"
      ],
      "versionPragmas": [
        "^0.8.27"
      ],
      "artifacts": [
        "EventLogger"
      ]
    },
    "/home/runner/workspace/contracts/monitoring/CircuitBreaker.sol": {
      "lastModificationDate": 1761749348821,
      "contentHash": "a9be45083b8bdb8ec19938553e07dafe",
      "sourceName": "contracts/monitoring/CircuitBreaker.sol",
      "solcConfig": {
        "version": "0.8.27",
        "settings": {
          "optimizer": {
            "enabled": true,
            "runs": 200
          },
          "evmVersion": "paris",
          "outputSelection": {
            "*": {
              "*": [
                "abi",
                "evm.bytecode",
                "evm.deployedBytecode",
                "evm.methodIdentifiers",
                "metadata"
              ],
              "": [
                "ast"
              ]
            }
          }
        }
      },
      "imports": [
        "@openzeppelin/contracts/access/Ownable.sol",
        "@openzeppelin/contracts/security/Pausable.sol"
      ],
      "versionPragmas": [
        "^0.8.27"
      ],
      "artifacts": [
        "CircuitBreaker"
      ]
    },
    "/home/runner/workspace/node_modules/@openzeppelin/contracts/security/Pausable.sol": {
      "lastModificationDate": 1761749208202,
      "contentHash": "25c8108f36fdd472bc78d4c4af240c11",
      "sourceName": "@openzeppelin/contracts/security/Pausable.sol",
      "solcConfig": {
        "version": "0.8.27",
        "settings": {
          "optimizer": {
            "enabled": true,
            "runs": 200
          },
          "evmVersion": "paris",
          "outputSelection": {
            "*": {
              "*": [
                "abi",
                "evm.bytecode",
                "evm.deployedBytecode",
                "evm.methodIdentifiers",
                "metadata"
              ],
              "": [
                "ast"
              ]
            }
          }
        }
      },
      "imports": [
        "../utils/Context.sol"
      ],
      "versionPragmas": [
        "^0.8.0"
      ],
      "artifacts": [
        "Pausable"
      ]
    },
    "/home/runner/workspace/contracts/liquidity/LiquidityLocker.sol": {
      "lastModificationDate": 1761749348579,
      "contentHash": "0353fe6209da4093ecf6d5f3d65e2ac9",
      "sourceName": "contracts/liquidity/LiquidityLocker.sol",
      "solcConfig": {
        "version": "0.8.27",
        "settings": {
          "optimizer": {
            "enabled": true,
            "runs": 200
          },
          "evmVersion": "paris",
          "outputSelection": {
            "*": {
              "*": [
                "abi",
                "evm.bytecode",
                "evm.deployedBytecode",
                "evm.methodIdentifiers",
                "metadata"
              ],
              "": [
                "ast"
              ]
            }
          }
        }
      },
      "imports": [
        "@openzeppelin/contracts/token/ERC20/IERC20.sol",
        "@openzeppelin/contracts/token/ERC20/utils/SafeERC20.sol",
        "@openzeppelin/contracts/access/Ownable.sol"
      ],
      "versionPragmas": [
        "^0.8.27"
      ],
      "artifacts": [
        "LiquidityLocker"
      ]
    },
    "/home/runner/workspace/node_modules/@openzeppelin/contracts/access/AccessControl.sol": {
      "lastModificationDate": 1761749207452,
      "contentHash": "a2b1ec38a8dad325a596f926890772b8",
      "sourceName": "@openzeppelin/contracts/access/AccessControl.sol",
      "solcConfig": {
        "version": "0.8.27",
        "settings": {
          "optimizer": {
            "enabled": true,
            "runs": 200
          },
          "evmVersion": "paris",
          "outputSelection": {
            "*": {
              "*": [
                "abi",
                "evm.bytecode",
                "evm.deployedBytecode",
                "evm.methodIdentifiers",
                "metadata"
              ],
              "": [
                "ast"
              ]
            }
          }
        }
      },
      "imports": [
        "./IAccessControl.sol",
        "../utils/Context.sol",
        "../utils/Strings.sol",
        "../utils/introspection/ERC165.sol"
      ],
      "versionPragmas": [
        "^0.8.0"
      ],
      "artifacts": [
        "AccessControl"
      ]
    },
    "/home/runner/workspace/node_modules/@openzeppelin/contracts/utils/Strings.sol": {
      "lastModificationDate": 1761749208233,
      "contentHash": "48686fc32a22a3754b8e63321857dd2a",
      "sourceName": "@openzeppelin/contracts/utils/Strings.sol",
      "solcConfig": {
        "version": "0.8.27",
        "settings": {
          "optimizer": {
            "enabled": true,
            "runs": 200
          },
          "evmVersion": "paris",
          "outputSelection": {
            "*": {
              "*": [
                "abi",
                "evm.bytecode",
                "evm.deployedBytecode",
                "evm.methodIdentifiers",
                "metadata"
              ],
              "": [
                "ast"
              ]
            }
          }
        }
      },
      "imports": [
        "./math/Math.sol",
        "./math/SignedMath.sol"
      ],
      "versionPragmas": [
        "^0.8.0"
      ],
      "artifacts": [
        "Strings"
      ]
    },
    "/home/runner/workspace/node_modules/@openzeppelin/contracts/utils/introspection/ERC165.sol": {
      "lastModificationDate": 1761749207678,
      "contentHash": "0e7db055ce108f9da7bb6686a00287c0",
      "sourceName": "@openzeppelin/contracts/utils/introspection/ERC165.sol",
      "solcConfig": {
        "version": "0.8.27",
        "settings": {
          "optimizer": {
            "enabled": true,
            "runs": 200
          },
          "evmVersion": "paris",
          "outputSelection": {
            "*": {
              "*": [
                "abi",
                "evm.bytecode",
                "evm.deployedBytecode",
                "evm.methodIdentifiers",
                "metadata"
              ],
              "": [
                "ast"
              ]
            }
          }
        }
      },
      "imports": [
        "./IERC165.sol"
      ],
      "versionPragmas": [
        "^0.8.0"
      ],
      "artifacts": [
        "ERC165"
      ]
    },
    "/home/runner/workspace/node_modules/@openzeppelin/contracts/access/IAccessControl.sol": {
      "lastModificationDate": 1761749207887,
      "contentHash": "57c84298234411cea19c7c284d86be8b",
      "sourceName": "@openzeppelin/contracts/access/IAccessControl.sol",
      "solcConfig": {
        "version": "0.8.27",
        "settings": {
          "optimizer": {
            "enabled": true,
            "runs": 200
          },
          "evmVersion": "paris",
          "outputSelection": {
            "*": {
              "*": [
                "abi",
                "evm.bytecode",
                "evm.deployedBytecode",
                "evm.methodIdentifiers",
                "metadata"
              ],
              "": [
                "ast"
              ]
            }
          }
        }
      },
      "imports": [],
      "versionPragmas": [
        "^0.8.0"
      ],
      "artifacts": [
        "IAccessControl"
      ]
    },
    "/home/runner/workspace/node_modules/@openzeppelin/contracts/utils/math/Math.sol": {
      "lastModificationDate": 1761749208190,
      "contentHash": "fe63409d8a06818b926cf89e0ea88b1b",
      "sourceName": "@openzeppelin/contracts/utils/math/Math.sol",
      "solcConfig": {
        "version": "0.8.27",
        "settings": {
          "optimizer": {
            "enabled": true,
            "runs": 200
          },
          "evmVersion": "paris",
          "outputSelection": {
            "*": {
              "*": [
                "abi",
                "evm.bytecode",
                "evm.deployedBytecode",
                "evm.methodIdentifiers",
                "metadata"
              ],
              "": [
                "ast"
              ]
            }
          }
        }
      },
      "imports": [],
      "versionPragmas": [
        "^0.8.0"
      ],
      "artifacts": [
        "Math"
      ]
    },
    "/home/runner/workspace/node_modules/@openzeppelin/contracts/utils/math/SignedMath.sol": {
      "lastModificationDate": 1761749208231,
      "contentHash": "9488ebd4daacfee8ad04811600d7d061",
      "sourceName": "@openzeppelin/contracts/utils/math/SignedMath.sol",
      "solcConfig": {
        "version": "0.8.27",
        "settings": {
          "optimizer": {
            "enabled": true,
            "runs": 200
          },
          "evmVersion": "paris",
          "outputSelection": {
            "*": {
              "*": [
                "abi",
                "evm.bytecode",
                "evm.deployedBytecode",
                "evm.methodIdentifiers",
                "metadata"
              ],
              "": [
                "ast"
              ]
            }
          }
        }
      },
      "imports": [],
      "versionPragmas": [
        "^0.8.0"
      ],
      "artifacts": [
        "SignedMath"
      ]
    },
    "/home/runner/workspace/node_modules/@openzeppelin/contracts/utils/introspection/IERC165.sol": {
      "lastModificationDate": 1761749208056,
      "contentHash": "03e6768535ac4da0e9756f1d8a4a018a",
      "sourceName": "@openzeppelin/contracts/utils/introspection/IERC165.sol",
      "solcConfig": {
        "version": "0.8.27",
        "settings": {
          "optimizer": {
            "enabled": true,
            "runs": 200
          },
          "evmVersion": "paris",
          "outputSelection": {
            "*": {
              "*": [
                "abi",
                "evm.bytecode",
                "evm.deployedBytecode",
                "evm.methodIdentifiers",
                "metadata"
              ],
              "": [
                "ast"
              ]
            }
          }
        }
      },
      "imports": [],
      "versionPragmas": [
        "^0.8.0"
      ],
      "artifacts": [
        "IERC165"
      ]
    },
    "/home/runner/workspace/contracts/treasury/Treasury.sol": {
      "lastModificationDate": 1761749348693,
      "contentHash": "781fca954073dee3bee2c9b9faae84ee",
      "sourceName": "contracts/treasury/Treasury.sol",
      "solcConfig": {
        "version": "0.8.27",
        "settings": {
          "optimizer": {
            "enabled": true,
            "runs": 200
          },
          "evmVersion": "paris",
          "outputSelection": {
            "*": {
              "*": [
                "abi",
                "evm.bytecode",
                "evm.deployedBytecode",
                "evm.methodIdentifiers",
                "metadata"
              ],
              "": [
                "ast"
              ]
            }
          }
        }
      },
      "imports": [
        "@openzeppelin/contracts/token/ERC20/IERC20.sol",
        "@openzeppelin/contracts/token/ERC20/utils/SafeERC20.sol",
        "@openzeppelin/contracts/access/AccessControl.sol"
      ],
      "versionPragmas": [
        "^0.8.27"
      ],
      "artifacts": [
        "Treasury"
      ]
    },
    "/home/runner/workspace/contracts/token/TokenAdmin.sol": {
      "lastModificationDate": 1761749348523,
      "contentHash": "8d80fe91b41b2334e5c68122a10611ed",
      "sourceName": "contracts/token/TokenAdmin.sol",
      "solcConfig": {
        "version": "0.8.27",
        "settings": {
          "optimizer": {
            "enabled": true,
            "runs": 200
          },
          "evmVersion": "paris",
          "outputSelection": {
            "*": {
              "*": [
                "abi",
                "evm.bytecode",
                "evm.deployedBytecode",
                "evm.methodIdentifiers",
                "metadata"
              ],
              "": [
                "ast"
              ]
            }
          }
        }
      },
      "imports": [
        "@openzeppelin/contracts/access/AccessControl.sol",
        "@openzeppelin/contracts/token/ERC20/IERC20.sol",
        "@openzeppelin/contracts/token/ERC20/utils/SafeERC20.sol"
      ],
      "versionPragmas": [
        "^0.8.27"
      ],
      "artifacts": [
        "TokenAdmin"
      ]
    },
    "/home/runner/workspace/contracts/token/interfaces/IToken.sol": {
      "lastModificationDate": 1761749348515,
      "contentHash": "cae1db98628b74ef0ce9d5876d81b6e4",
      "sourceName": "contracts/token/interfaces/IToken.sol",
      "solcConfig": {
        "version": "0.8.27",
        "settings": {
          "optimizer": {
            "enabled": true,
            "runs": 200
          },
          "evmVersion": "paris",
          "outputSelection": {
            "*": {
              "*": [
                "abi",
                "evm.bytecode",
                "evm.deployedBytecode",
                "evm.methodIdentifiers",
                "metadata"
              ],
              "": [
                "ast"
              ]
            }
          }
        }
      },
      "imports": [
        "@openzeppelin/contracts/token/ERC20/IERC20.sol"
      ],
      "versionPragmas": [
        "^0.8.27"
      ],
      "artifacts": [
        "IToken"
      ]
    },
    "/home/runner/workspace/contracts/liquidity/interfaces/ILiquidity.sol": {
      "lastModificationDate": 1761749348566,
      "contentHash": "200464ef52674f2fe0a69defe0cab108",
      "sourceName": "contracts/liquidity/interfaces/ILiquidity.sol",
      "solcConfig": {
        "version": "0.8.27",
        "settings": {
          "optimizer": {
            "enabled": true,
            "runs": 200
          },
          "evmVersion": "paris",
          "outputSelection": {
            "*": {
              "*": [
                "abi",
                "evm.bytecode",
                "evm.deployedBytecode",
                "evm.methodIdentifiers",
                "metadata"
              ],
              "": [
                "ast"
              ]
            }
          }
        }
      },
      "imports": [],
      "versionPragmas": [
        "^0.8.27"
      ],
      "artifacts": [
        "ILiquidity"
      ]
    },
    "/home/runner/workspace/contracts/monitoring/interfaces/IMonitoring.sol": {
      "lastModificationDate": 1761749348796,
      "contentHash": "0228f7604894f64caad590b6709047c1",
      "sourceName": "contracts/monitoring/interfaces/IMonitoring.sol",
      "solcConfig": {
        "version": "0.8.27",
        "settings": {
          "optimizer": {
            "enabled": true,
            "runs": 200
          },
          "evmVersion": "paris",
          "outputSelection": {
            "*": {
              "*": [
                "abi",
                "evm.bytecode",
                "evm.deployedBytecode",
                "evm.methodIdentifiers",
                "metadata"
              ],
              "": [
                "ast"
              ]
            }
          }
        }
      },
      "imports": [],
      "versionPragmas": [
        "^0.8.27"
      ],
      "artifacts": [
        "IMonitoring"
      ]
    },
    "/home/runner/workspace/contracts/oracles/interfaces/IOracle.sol": {
      "lastModificationDate": 1761749348770,
      "contentHash": "71f793f10767d3d27161a1e82629095c",
      "sourceName": "contracts/oracles/interfaces/IOracle.sol",
      "solcConfig": {
        "version": "0.8.27",
        "settings": {
          "optimizer": {
            "enabled": true,
            "runs": 200
          },
          "evmVersion": "paris",
          "outputSelection": {
            "*": {
              "*": [
                "abi",
                "evm.bytecode",
                "evm.deployedBytecode",
                "evm.methodIdentifiers",
                "metadata"
              ],
              "": [
                "ast"
              ]
            }
          }
        }
      },
      "imports": [],
      "versionPragmas": [
        "^0.8.27"
      ],
      "artifacts": [
        "IOracle"
      ]
    },
    "/home/runner/workspace/contracts/staking/interfaces/IStaking.sol": {
      "lastModificationDate": 1761749348605,
      "contentHash": "aa01ab903e4baa9f6cf014ab98fbcbaf",
      "sourceName": "contracts/staking/interfaces/IStaking.sol",
      "solcConfig": {
        "version": "0.8.27",
        "settings": {
          "optimizer": {
            "enabled": true,
            "runs": 200
          },
          "evmVersion": "paris",
          "outputSelection": {
            "*": {
              "*": [
                "abi",
                "evm.bytecode",
                "evm.deployedBytecode",
                "evm.methodIdentifiers",
                "metadata"
              ],
              "": [
                "ast"
              ]
            }
          }
        }
      },
      "imports": [],
      "versionPragmas": [
        "^0.8.27"
      ],
      "artifacts": [
        "IStaking"
      ]
    },
    "/home/runner/workspace/contracts/token/Token.sol": {
      "lastModificationDate": 1761749367542,
      "contentHash": "e14a659684747dced73f29b0d7da5319",
      "sourceName": "contracts/token/Token.sol",
      "solcConfig": {
        "version": "0.8.27",
        "settings": {
          "optimizer": {
            "enabled": true,
            "runs": 200
          },
          "evmVersion": "paris",
          "outputSelection": {
            "*": {
              "*": [
                "abi",
                "evm.bytecode",
                "evm.deployedBytecode",
                "evm.methodIdentifiers",
                "metadata"
              ],
              "": [
                "ast"
              ]
            }
          }
        }
      },
      "imports": [
        "@openzeppelin/contracts-upgradeable/token/ERC20/ERC20Upgradeable.sol",
        "@openzeppelin/contracts-upgradeable/token/ERC20/extensions/ERC20BurnableUpgradeable.sol",
        "@openzeppelin/contracts-upgradeable/token/ERC20/extensions/ERC20PausableUpgradeable.sol",
        "@openzeppelin/contracts-upgradeable/token/ERC20/extensions/ERC20PermitUpgradeable.sol",
        "@openzeppelin/contracts-upgradeable/token/ERC20/extensions/ERC20SnapshotUpgradeable.sol",
        "@openzeppelin/contracts-upgradeable/token/ERC20/extensions/ERC20VotesUpgradeable.sol",
        "@openzeppelin/contracts-upgradeable/access/AccessControlUpgradeable.sol",
        "@openzeppelin/contracts-upgradeable/proxy/utils/Initializable.sol",
        "@openzeppelin/contracts-upgradeable/proxy/utils/UUPSUpgradeable.sol"
      ],
      "versionPragmas": [
        "^0.8.27"
      ],
      "artifacts": [
        "MIMPIToken"
      ]
    },
    "/home/runner/workspace/node_modules/@openzeppelin/contracts-upgradeable/access/AccessControlUpgradeable.sol": {
      "lastModificationDate": 1761749207558,
      "contentHash": "e755cb2313878e08bcbc64c75b169c1e",
      "sourceName": "@openzeppelin/contracts-upgradeable/access/AccessControlUpgradeable.sol",
      "solcConfig": {
        "version": "0.8.27",
        "settings": {
          "optimizer": {
            "enabled": true,
            "runs": 200
          },
          "evmVersion": "paris",
          "outputSelection": {
            "*": {
              "*": [
                "abi",
                "evm.bytecode",
                "evm.deployedBytecode",
                "evm.methodIdentifiers",
                "metadata"
              ],
              "": [
                "ast"
              ]
            }
          }
        }
      },
      "imports": [
        "./IAccessControlUpgradeable.sol",
        "../utils/ContextUpgradeable.sol",
        "../utils/StringsUpgradeable.sol",
        "../utils/introspection/ERC165Upgradeable.sol",
        "../proxy/utils/Initializable.sol"
      ],
      "versionPragmas": [
        "^0.8.0"
      ],
      "artifacts": [
        "AccessControlUpgradeable"
      ]
    },
    "/home/runner/workspace/node_modules/@openzeppelin/contracts-upgradeable/token/ERC20/ERC20Upgradeable.sol": {
      "lastModificationDate": 1761749207724,
      "contentHash": "a7a59a8d3ad24a7b40ba5f34f0c1d47f",
      "sourceName": "@openzeppelin/contracts-upgradeable/token/ERC20/ERC20Upgradeable.sol",
      "solcConfig": {
        "version": "0.8.27",
        "settings": {
          "optimizer": {
            "enabled": true,
            "runs": 200
          },
          "evmVersion": "paris",
          "outputSelection": {
            "*": {
              "*": [
                "abi",
                "evm.bytecode",
                "evm.deployedBytecode",
                "evm.methodIdentifiers",
                "metadata"
              ],
              "": [
                "ast"
              ]
            }
          }
        }
      },
      "imports": [
        "./IERC20Upgradeable.sol",
        "./extensions/IERC20MetadataUpgradeable.sol",
        "../../utils/ContextUpgradeable.sol",
        "../../proxy/utils/Initializable.sol"
      ],
      "versionPragmas": [
        "^0.8.0"
      ],
      "artifacts": [
        "ERC20Upgradeable"
      ]
    },
    "/home/runner/workspace/node_modules/@openzeppelin/contracts-upgradeable/proxy/utils/UUPSUpgradeable.sol": {
      "lastModificationDate": 1761749208216,
      "contentHash": "c50df4f62eb9ef48d89b3a48a57e3bf5",
      "sourceName": "@openzeppelin/contracts-upgradeable/proxy/utils/UUPSUpgradeable.sol",
      "solcConfig": {
        "version": "0.8.27",
        "settings": {
          "optimizer": {
            "enabled": true,
            "runs": 200
          },
          "evmVersion": "paris",
          "outputSelection": {
            "*": {
              "*": [
                "abi",
                "evm.bytecode",
                "evm.deployedBytecode",
                "evm.methodIdentifiers",
                "metadata"
              ],
              "": [
                "ast"
              ]
            }
          }
        }
      },
      "imports": [
        "../../interfaces/draft-IERC1822Upgradeable.sol",
        "../ERC1967/ERC1967UpgradeUpgradeable.sol",
        "./Initializable.sol"
      ],
      "versionPragmas": [
        "^0.8.0"
      ],
      "artifacts": [
        "UUPSUpgradeable"
      ]
    },
    "/home/runner/workspace/node_modules/@openzeppelin/contracts-upgradeable/proxy/utils/Initializable.sol": {
      "lastModificationDate": 1761749208161,
      "contentHash": "b0970a564d121abf9adfff8d1a01eb16",
      "sourceName": "@openzeppelin/contracts-upgradeable/proxy/utils/Initializable.sol",
      "solcConfig": {
        "version": "0.8.27",
        "settings": {
          "optimizer": {
            "enabled": true,
            "runs": 200
          },
          "evmVersion": "paris",
          "outputSelection": {
            "*": {
              "*": [
                "abi",
                "evm.bytecode",
                "evm.deployedBytecode",
                "evm.methodIdentifiers",
                "metadata"
              ],
              "": [
                "ast"
              ]
            }
          }
        }
      },
      "imports": [
        "../../utils/AddressUpgradeable.sol"
      ],
      "versionPragmas": [
        "^0.8.2"
      ],
      "artifacts": [
        "Initializable"
      ]
    },
    "/home/runner/workspace/node_modules/@openzeppelin/contracts-upgradeable/token/ERC20/extensions/ERC20PermitUpgradeable.sol": {
      "lastModificationDate": 1761749207710,
      "contentHash": "b9222747a1f03e94fbadd77df01db744",
      "sourceName": "@openzeppelin/contracts-upgradeable/token/ERC20/extensions/ERC20PermitUpgradeable.sol",
      "solcConfig": {
        "version": "0.8.27",
        "settings": {
          "optimizer": {
            "enabled": true,
            "runs": 200
          },
          "evmVersion": "paris",
          "outputSelection": {
            "*": {
              "*": [
                "abi",
                "evm.bytecode",
                "evm.deployedBytecode",
                "evm.methodIdentifiers",
                "metadata"
              ],
              "": [
                "ast"
              ]
            }
          }
        }
      },
      "imports": [
        "./IERC20PermitUpgradeable.sol",
        "../ERC20Upgradeable.sol",
        "../../../utils/cryptography/ECDSAUpgradeable.sol",
        "../../../utils/cryptography/EIP712Upgradeable.sol",
        "../../../utils/CountersUpgradeable.sol",
        "../../../proxy/utils/Initializable.sol"
      ],
      "versionPragmas": [
        "^0.8.0"
      ],
      "artifacts": [
        "ERC20PermitUpgradeable"
      ]
    },
    "/home/runner/workspace/node_modules/@openzeppelin/contracts-upgradeable/token/ERC20/extensions/ERC20VotesUpgradeable.sol": {
      "lastModificationDate": 1761749207730,
      "contentHash": "75d8aecbc99e2c6d99cefbf6e9417627",
      "sourceName": "@openzeppelin/contracts-upgradeable/token/ERC20/extensions/ERC20VotesUpgradeable.sol",
      "solcConfig": {
        "version": "0.8.27",
        "settings": {
          "optimizer": {
            "enabled": true,
            "runs": 200
          },
          "evmVersion": "paris",
          "outputSelection": {
            "*": {
              "*": [
                "abi",
                "evm.bytecode",
                "evm.deployedBytecode",
                "evm.methodIdentifiers",
                "metadata"
              ],
              "": [
                "ast"
              ]
            }
          }
        }
      },
      "imports": [
        "./ERC20PermitUpgradeable.sol",
        "../../../interfaces/IERC5805Upgradeable.sol",
        "../../../utils/math/MathUpgradeable.sol",
        "../../../utils/math/SafeCastUpgradeable.sol",
        "../../../utils/cryptography/ECDSAUpgradeable.sol",
        "../../../proxy/utils/Initializable.sol"
      ],
      "versionPragmas": [
        "^0.8.0"
      ],
      "artifacts": [
        "ERC20VotesUpgradeable"
      ]
    },
    "/home/runner/workspace/node_modules/@openzeppelin/contracts-upgradeable/token/ERC20/extensions/ERC20BurnableUpgradeable.sol": {
      "lastModificationDate": 1761749207698,
      "contentHash": "1e8bd1aac96ccd418df6d677cc3b3663",
      "sourceName": "@openzeppelin/contracts-upgradeable/token/ERC20/extensions/ERC20BurnableUpgradeable.sol",
      "solcConfig": {
        "version": "0.8.27",
        "settings": {
          "optimizer": {
            "enabled": true,
            "runs": 200
          },
          "evmVersion": "paris",
          "outputSelection": {
            "*": {
              "*": [
                "abi",
                "evm.bytecode",
                "evm.deployedBytecode",
                "evm.methodIdentifiers",
                "metadata"
              ],
              "": [
                "ast"
              ]
            }
          }
        }
      },
      "imports": [
        "../ERC20Upgradeable.sol",
        "../../../utils/ContextUpgradeable.sol",
        "../../../proxy/utils/Initializable.sol"
      ],
      "versionPragmas": [
        "^0.8.0"
      ],
      "artifacts": [
        "ERC20BurnableUpgradeable"
      ]
    },
    "/home/runner/workspace/node_modules/@openzeppelin/contracts-upgradeable/token/ERC20/extensions/ERC20PausableUpgradeable.sol": {
      "lastModificationDate": 1761749207703,
      "contentHash": "089f35d9d45ae7349a7c05651e2efea3",
      "sourceName": "@openzeppelin/contracts-upgradeable/token/ERC20/extensions/ERC20PausableUpgradeable.sol",
      "solcConfig": {
        "version": "0.8.27",
        "settings": {
          "optimizer": {
            "enabled": true,
            "runs": 200
          },
          "evmVersion": "paris",
          "outputSelection": {
            "*": {
              "*": [
                "abi",
                "evm.bytecode",
                "evm.deployedBytecode",
                "evm.methodIdentifiers",
                "metadata"
              ],
              "": [
                "ast"
              ]
            }
          }
        }
      },
      "imports": [
        "../ERC20Upgradeable.sol",
        "../../../security/PausableUpgradeable.sol",
        "../../../proxy/utils/Initializable.sol"
      ],
      "versionPragmas": [
        "^0.8.0"
      ],
      "artifacts": [
        "ERC20PausableUpgradeable"
      ]
    },
    "/home/runner/workspace/node_modules/@openzeppelin/contracts-upgradeable/token/ERC20/extensions/ERC20SnapshotUpgradeable.sol": {
      "lastModificationDate": 1761749207716,
      "contentHash": "dda8f54f8fbac4e5000368cd976221fc",
      "sourceName": "@openzeppelin/contracts-upgradeable/token/ERC20/extensions/ERC20SnapshotUpgradeable.sol",
      "solcConfig": {
        "version": "0.8.27",
        "settings": {
          "optimizer": {
            "enabled": true,
            "runs": 200
          },
          "evmVersion": "paris",
          "outputSelection": {
            "*": {
              "*": [
                "abi",
                "evm.bytecode",
                "evm.deployedBytecode",
                "evm.methodIdentifiers",
                "metadata"
              ],
              "": [
                "ast"
              ]
            }
          }
        }
      },
      "imports": [
        "../ERC20Upgradeable.sol",
        "../../../utils/ArraysUpgradeable.sol",
        "../../../utils/CountersUpgradeable.sol",
        "../../../proxy/utils/Initializable.sol"
      ],
      "versionPragmas": [
        "^0.8.0"
      ],
      "artifacts": [
        "ERC20SnapshotUpgradeable"
      ]
    },
    "/home/runner/workspace/node_modules/@openzeppelin/contracts-upgradeable/utils/ContextUpgradeable.sol": {
      "lastModificationDate": 1761749207586,
      "contentHash": "b6dfb72ff1fd764f725ec4db364b1b20",
      "sourceName": "@openzeppelin/contracts-upgradeable/utils/ContextUpgradeable.sol",
      "solcConfig": {
        "version": "0.8.27",
        "settings": {
          "optimizer": {
            "enabled": true,
            "runs": 200
          },
          "evmVersion": "paris",
          "outputSelection": {
            "*": {
              "*": [
                "abi",
                "evm.bytecode",
                "evm.deployedBytecode",
                "evm.methodIdentifiers",
                "metadata"
              ],
              "": [
                "ast"
              ]
            }
          }
        }
      },
      "imports": [
        "../proxy/utils/Initializable.sol"
      ],
      "versionPragmas": [
        "^0.8.0"
      ],
      "artifacts": [
        "ContextUpgradeable"
      ]
    },
    "/home/runner/workspace/node_modules/@openzeppelin/contracts-upgradeable/utils/introspection/ERC165Upgradeable.sol": {
      "lastModificationDate": 1761749207694,
      "contentHash": "7cd9c9d1dccf4a894c0f6926f5b6ac3d",
      "sourceName": "@openzeppelin/contracts-upgradeable/utils/introspection/ERC165Upgradeable.sol",
      "solcConfig": {
        "version": "0.8.27",
        "settings": {
          "optimizer": {
            "enabled": true,
            "runs": 200
          },
          "evmVersion": "paris",
          "outputSelection": {
            "*": {
              "*": [
                "abi",
                "evm.bytecode",
                "evm.deployedBytecode",
                "evm.methodIdentifiers",
                "metadata"
              ],
              "": [
                "ast"
              ]
            }
          }
        }
      },
      "imports": [
        "./IERC165Upgradeable.sol",
        "../../proxy/utils/Initializable.sol"
      ],
      "versionPragmas": [
        "^0.8.0"
      ],
      "artifacts": [
        "ERC165Upgradeable"
      ]
    },
    "/home/runner/workspace/node_modules/@openzeppelin/contracts-upgradeable/utils/StringsUpgradeable.sol": {
      "lastModificationDate": 1761749208206,
      "contentHash": "c221361be1c4953f5b71f47475b90266",
      "sourceName": "@openzeppelin/contracts-upgradeable/utils/StringsUpgradeable.sol",
      "solcConfig": {
        "version": "0.8.27",
        "settings": {
          "optimizer": {
            "enabled": true,
            "runs": 200
          },
          "evmVersion": "paris",
          "outputSelection": {
            "*": {
              "*": [
                "abi",
                "evm.bytecode",
                "evm.deployedBytecode",
                "evm.methodIdentifiers",
                "metadata"
              ],
              "": [
                "ast"
              ]
            }
          }
        }
      },
      "imports": [
        "./math/MathUpgradeable.sol",
        "./math/SignedMathUpgradeable.sol"
      ],
      "versionPragmas": [
        "^0.8.0"
      ],
      "artifacts": [
        "StringsUpgradeable"
      ]
    },
    "/home/runner/workspace/node_modules/@openzeppelin/contracts-upgradeable/access/IAccessControlUpgradeable.sol": {
      "lastModificationDate": 1761749207859,
      "contentHash": "21b43d1337ebc77c11da3cbe3fd65316",
      "sourceName": "@openzeppelin/contracts-upgradeable/access/IAccessControlUpgradeable.sol",
      "solcConfig": {
        "version": "0.8.27",
        "settings": {
          "optimizer": {
            "enabled": true,
            "runs": 200
          },
          "evmVersion": "paris",
          "outputSelection": {
            "*": {
              "*": [
                "abi",
                "evm.bytecode",
                "evm.deployedBytecode",
                "evm.methodIdentifiers",
                "metadata"
              ],
              "": [
                "ast"
              ]
            }
          }
        }
      },
      "imports": [],
      "versionPragmas": [
        "^0.8.0"
      ],
      "artifacts": [
        "IAccessControlUpgradeable"
      ]
    },
    "/home/runner/workspace/node_modules/@openzeppelin/contracts-upgradeable/utils/AddressUpgradeable.sol": {
      "lastModificationDate": 1761749207566,
      "contentHash": "c30c805386fda8a42ff515da963d3a95",
      "sourceName": "@openzeppelin/contracts-upgradeable/utils/AddressUpgradeable.sol",
      "solcConfig": {
        "version": "0.8.27",
        "settings": {
          "optimizer": {
            "enabled": true,
            "runs": 200
          },
          "evmVersion": "paris",
          "outputSelection": {
            "*": {
              "*": [
                "abi",
                "evm.bytecode",
                "evm.deployedBytecode",
                "evm.methodIdentifiers",
                "metadata"
              ],
              "": [
                "ast"
              ]
            }
          }
        }
      },
      "imports": [],
      "versionPragmas": [
        "^0.8.1"
      ],
      "artifacts": [
        "AddressUpgradeable"
      ]
    },
    "/home/runner/workspace/node_modules/@openzeppelin/contracts-upgradeable/utils/introspection/IERC165Upgradeable.sol": {
      "lastModificationDate": 1761749207931,
      "contentHash": "d6ecf203a5e72c845be9bbf2f304a289",
      "sourceName": "@openzeppelin/contracts-upgradeable/utils/introspection/IERC165Upgradeable.sol",
      "solcConfig": {
        "version": "0.8.27",
        "settings": {
          "optimizer": {
            "enabled": true,
            "runs": 200
          },
          "evmVersion": "paris",
          "outputSelection": {
            "*": {
              "*": [
                "abi",
                "evm.bytecode",
                "evm.deployedBytecode",
                "evm.methodIdentifiers",
                "metadata"
              ],
              "": [
                "ast"
              ]
            }
          }
        }
      },
      "imports": [],
      "versionPragmas": [
        "^0.8.0"
      ],
      "artifacts": [
        "IERC165Upgradeable"
      ]
    },
    "/home/runner/workspace/node_modules/@openzeppelin/contracts-upgradeable/utils/math/MathUpgradeable.sol": {
      "lastModificationDate": 1761749208169,
      "contentHash": "5a2a749b45b6a8eb035f4bf75addcb27",
      "sourceName": "@openzeppelin/contracts-upgradeable/utils/math/MathUpgradeable.sol",
      "solcConfig": {
        "version": "0.8.27",
        "settings": {
          "optimizer": {
            "enabled": true,
            "runs": 200
          },
          "evmVersion": "paris",
          "outputSelection": {
            "*": {
              "*": [
                "abi",
                "evm.bytecode",
                "evm.deployedBytecode",
                "evm.methodIdentifiers",
                "metadata"
              ],
              "": [
                "ast"
              ]
            }
          }
        }
      },
      "imports": [],
      "versionPragmas": [
        "^0.8.0"
      ],
      "artifacts": [
        "MathUpgradeable"
      ]
    },
    "/home/runner/workspace/node_modules/@openzeppelin/contracts-upgradeable/utils/math/SignedMathUpgradeable.sol": {
      "lastModificationDate": 1761749208203,
      "contentHash": "2a6b819b2e241091ada6d645df3e3929",
      "sourceName": "@openzeppelin/contracts-upgradeable/utils/math/SignedMathUpgradeable.sol",
      "solcConfig": {
        "version": "0.8.27",
        "settings": {
          "optimizer": {
            "enabled": true,
            "runs": 200
          },
          "evmVersion": "paris",
          "outputSelection": {
            "*": {
              "*": [
                "abi",
                "evm.bytecode",
                "evm.deployedBytecode",
                "evm.methodIdentifiers",
                "metadata"
              ],
              "": [
                "ast"
              ]
            }
          }
        }
      },
      "imports": [],
      "versionPragmas": [
        "^0.8.0"
      ],
      "artifacts": [
        "SignedMathUpgradeable"
      ]
    },
    "/home/runner/workspace/node_modules/@openzeppelin/contracts-upgradeable/token/ERC20/IERC20Upgradeable.sol": {
      "lastModificationDate": 1761749208033,
      "contentHash": "9a9398a7dbda9d014f04d5eb0fb581fd",
      "sourceName": "@openzeppelin/contracts-upgradeable/token/ERC20/IERC20Upgradeable.sol",
      "solcConfig": {
        "version": "0.8.27",
        "settings": {
          "optimizer": {
            "enabled": true,
            "runs": 200
          },
          "evmVersion": "paris",
          "outputSelection": {
            "*": {
              "*": [
                "abi",
                "evm.bytecode",
                "evm.deployedBytecode",
                "evm.methodIdentifiers",
                "metadata"
              ],
              "": [
                "ast"
              ]
            }
          }
        }
      },
      "imports": [],
      "versionPragmas": [
        "^0.8.0"
      ],
      "artifacts": [
        "IERC20Upgradeable"
      ]
    },
    "/home/runner/workspace/node_modules/@openzeppelin/contracts-upgradeable/token/ERC20/extensions/IERC20MetadataUpgradeable.sol": {
      "lastModificationDate": 1761749207975,
      "contentHash": "9efcd5467a7f0bf533910ee8a267adb2",
      "sourceName": "@openzeppelin/contracts-upgradeable/token/ERC20/extensions/IERC20MetadataUpgradeable.sol",
      "solcConfig": {
        "version": "0.8.27",
        "settings": {
          "optimizer": {
            "enabled": true,
            "runs": 200
          },
          "evmVersion": "paris",
          "outputSelection": {
            "*": {
              "*": [
                "abi",
                "evm.bytecode",
                "evm.deployedBytecode",
                "evm.methodIdentifiers",
                "metadata"
              ],
              "": [
                "ast"
              ]
            }
          }
        }
      },
      "imports": [
        "../IERC20Upgradeable.sol"
      ],
      "versionPragmas": [
        "^0.8.0"
      ],
      "artifacts": [
        "IERC20MetadataUpgradeable"
      ]
    },
    "/home/runner/workspace/node_modules/@openzeppelin/contracts-upgradeable/interfaces/draft-IERC1822Upgradeable.sol": {
      "lastModificationDate": 1761749207649,
      "contentHash": "a6883cfd85607b16c121a02728369eb3",
      "sourceName": "@openzeppelin/contracts-upgradeable/interfaces/draft-IERC1822Upgradeable.sol",
      "solcConfig": {
        "version": "0.8.27",
        "settings": {
          "optimizer": {
            "enabled": true,
            "runs": 200
          },
          "evmVersion": "paris",
          "outputSelection": {
            "*": {
              "*": [
                "abi",
                "evm.bytecode",
                "evm.deployedBytecode",
                "evm.methodIdentifiers",
                "metadata"
              ],
              "": [
                "ast"
              ]
            }
          }
        }
      },
      "imports": [],
      "versionPragmas": [
        "^0.8.0"
      ],
      "artifacts": [
        "IERC1822ProxiableUpgradeable"
      ]
    },
    "/home/runner/workspace/node_modules/@openzeppelin/contracts-upgradeable/proxy/ERC1967/ERC1967UpgradeUpgradeable.sol": {
      "lastModificationDate": 1761749207697,
      "contentHash": "e186f91201ca317278fffbf1ea60cea0",
      "sourceName": "@openzeppelin/contracts-upgradeable/proxy/ERC1967/ERC1967UpgradeUpgradeable.sol",
      "solcConfig": {
        "version": "0.8.27",
        "settings": {
          "optimizer": {
            "enabled": true,
            "runs": 200
          },
          "evmVersion": "paris",
          "outputSelection": {
            "*": {
              "*": [
                "abi",
                "evm.bytecode",
                "evm.deployedBytecode",
                "evm.methodIdentifiers",
                "metadata"
              ],
              "": [
                "ast"
              ]
            }
          }
        }
      },
      "imports": [
        "../beacon/IBeaconUpgradeable.sol",
        "../../interfaces/IERC1967Upgradeable.sol",
        "../../interfaces/draft-IERC1822Upgradeable.sol",
        "../../utils/AddressUpgradeable.sol",
        "../../utils/StorageSlotUpgradeable.sol",
        "../utils/Initializable.sol"
      ],
      "versionPragmas": [
        "^0.8.2"
      ],
      "artifacts": [
        "ERC1967UpgradeUpgradeable"
      ]
    },
    "/home/runner/workspace/node_modules/@openzeppelin/contracts-upgradeable/interfaces/IERC1967Upgradeable.sol": {
      "lastModificationDate": 1761749207954,
      "contentHash": "a5421a5e611067b9202e83329fbf6fc7",
      "sourceName": "@openzeppelin/contracts-upgradeable/interfaces/IERC1967Upgradeable.sol",
      "solcConfig": {
        "version": "0.8.27",
        "settings": {
          "optimizer": {
            "enabled": true,
            "runs": 200
          },
          "evmVersion": "paris",
          "outputSelection": {
            "*": {
              "*": [
                "abi",
                "evm.bytecode",
                "evm.deployedBytecode",
                "evm.methodIdentifiers",
                "metadata"
              ],
              "": [
                "ast"
              ]
            }
          }
        }
      },
      "imports": [],
      "versionPragmas": [
        "^0.8.0"
      ],
      "artifacts": [
        "IERC1967Upgradeable"
      ]
    },
    "/home/runner/workspace/node_modules/@openzeppelin/contracts-upgradeable/utils/StorageSlotUpgradeable.sol": {
      "lastModificationDate": 1761749208205,
      "contentHash": "02cf959b00ba5c650708472f195f8b29",
      "sourceName": "@openzeppelin/contracts-upgradeable/utils/StorageSlotUpgradeable.sol",
      "solcConfig": {
        "version": "0.8.27",
        "settings": {
          "optimizer": {
            "enabled": true,
            "runs": 200
          },
          "evmVersion": "paris",
          "outputSelection": {
            "*": {
              "*": [
                "abi",
                "evm.bytecode",
                "evm.deployedBytecode",
                "evm.methodIdentifiers",
                "metadata"
              ],
              "": [
                "ast"
              ]
            }
          }
        }
      },
      "imports": [],
      "versionPragmas": [
        "^0.8.0"
      ],
      "artifacts": [
        "StorageSlotUpgradeable"
      ]
    },
    "/home/runner/workspace/node_modules/@openzeppelin/contracts-upgradeable/proxy/beacon/IBeaconUpgradeable.sol": {
      "lastModificationDate": 1761749207884,
      "contentHash": "21bffd733b4ca013e125a0ffe2e52254",
      "sourceName": "@openzeppelin/contracts-upgradeable/proxy/beacon/IBeaconUpgradeable.sol",
      "solcConfig": {
        "version": "0.8.27",
        "settings": {
          "optimizer": {
            "enabled": true,
            "runs": 200
          },
          "evmVersion": "paris",
          "outputSelection": {
            "*": {
              "*": [
                "abi",
                "evm.bytecode",
                "evm.deployedBytecode",
                "evm.methodIdentifiers",
                "metadata"
              ],
              "": [
                "ast"
              ]
            }
          }
        }
      },
      "imports": [],
      "versionPragmas": [
        "^0.8.0"
      ],
      "artifacts": [
        "IBeaconUpgradeable"
      ]
    },
    "/home/runner/workspace/node_modules/@openzeppelin/contracts-upgradeable/utils/CountersUpgradeable.sol": {
      "lastModificationDate": 1761749207590,
      "contentHash": "2e908c762a799baea365e68a50500e2c",
      "sourceName": "@openzeppelin/contracts-upgradeable/utils/CountersUpgradeable.sol",
      "solcConfig": {
        "version": "0.8.27",
        "settings": {
          "optimizer": {
            "enabled": true,
            "runs": 200
          },
          "evmVersion": "paris",
          "outputSelection": {
            "*": {
              "*": [
                "abi",
                "evm.bytecode",
                "evm.deployedBytecode",
                "evm.methodIdentifiers",
                "metadata"
              ],
              "": [
                "ast"
              ]
            }
          }
        }
      },
      "imports": [],
      "versionPragmas": [
        "^0.8.0"
      ],
      "artifacts": [
        "CountersUpgradeable"
      ]
    },
    "/home/runner/workspace/node_modules/@openzeppelin/contracts-upgradeable/utils/cryptography/ECDSAUpgradeable.sol": {
      "lastModificationDate": 1761749207655,
      "contentHash": "e6a08d062a6f4f6b05822a0fa19a1606",
      "sourceName": "@openzeppelin/contracts-upgradeable/utils/cryptography/ECDSAUpgradeable.sol",
      "solcConfig": {
        "version": "0.8.27",
        "settings": {
          "optimizer": {
            "enabled": true,
            "runs": 200
          },
          "evmVersion": "paris",
          "outputSelection": {
            "*": {
              "*": [
                "abi",
                "evm.bytecode",
                "evm.deployedBytecode",
                "evm.methodIdentifiers",
                "metadata"
              ],
              "": [
                "ast"
              ]
            }
          }
        }
      },
      "imports": [
        "../StringsUpgradeable.sol"
      ],
      "versionPragmas": [
        "^0.8.0"
      ],
      "artifacts": [
        "ECDSAUpgradeable"
      ]
    },
    "/home/runner/workspace/node_modules/@openzeppelin/contracts-upgradeable/utils/cryptography/EIP712Upgradeable.sol": {
      "lastModificationDate": 1761749207656,
      "contentHash": "98e821b98b4ce0a1aa9da677aa2914b4",
      "sourceName": "@openzeppelin/contracts-upgradeable/utils/cryptography/EIP712Upgradeable.sol",
      "solcConfig": {
        "version": "0.8.27",
        "settings": {
          "optimizer": {
            "enabled": true,
            "runs": 200
          },
          "evmVersion": "paris",
          "outputSelection": {
            "*": {
              "*": [
                "abi",
                "evm.bytecode",
                "evm.deployedBytecode",
                "evm.methodIdentifiers",
                "metadata"
              ],
              "": [
                "ast"
              ]
            }
          }
        }
      },
      "imports": [
        "./ECDSAUpgradeable.sol",
        "../../interfaces/IERC5267Upgradeable.sol",
        "../../proxy/utils/Initializable.sol"
      ],
      "versionPragmas": [
        "^0.8.8"
      ],
      "artifacts": [
        "EIP712Upgradeable"
      ]
    },
    "/home/runner/workspace/node_modules/@openzeppelin/contracts-upgradeable/token/ERC20/extensions/IERC20PermitUpgradeable.sol": {
      "lastModificationDate": 1761749208006,
      "contentHash": "d95d71f4a9c75f46e6ab7fc92b6f9bac",
      "sourceName": "@openzeppelin/contracts-upgradeable/token/ERC20/extensions/IERC20PermitUpgradeable.sol",
      "solcConfig": {
        "version": "0.8.27",
        "settings": {
          "optimizer": {
            "enabled": true,
            "runs": 200
          },
          "evmVersion": "paris",
          "outputSelection": {
            "*": {
              "*": [
                "abi",
                "evm.bytecode",
                "evm.deployedBytecode",
                "evm.methodIdentifiers",
                "metadata"
              ],
              "": [
                "ast"
              ]
            }
          }
        }
      },
      "imports": [],
      "versionPragmas": [
        "^0.8.0"
      ],
      "artifacts": [
        "IERC20PermitUpgradeable"
      ]
    },
    "/home/runner/workspace/node_modules/@openzeppelin/contracts-upgradeable/interfaces/IERC5267Upgradeable.sol": {
      "lastModificationDate": 1761749208090,
      "contentHash": "2b3f03127c03dd67be61c925b1f86ff3",
      "sourceName": "@openzeppelin/contracts-upgradeable/interfaces/IERC5267Upgradeable.sol",
      "solcConfig": {
        "version": "0.8.27",
        "settings": {
          "optimizer": {
            "enabled": true,
            "runs": 200
          },
          "evmVersion": "paris",
          "outputSelection": {
            "*": {
              "*": [
                "abi",
                "evm.bytecode",
                "evm.deployedBytecode",
                "evm.methodIdentifiers",
                "metadata"
              ],
              "": [
                "ast"
              ]
            }
          }
        }
      },
      "imports": [],
      "versionPragmas": [
        "^0.8.0"
      ],
      "artifacts": [
        "IERC5267Upgradeable"
      ]
    },
    "/home/runner/workspace/node_modules/@openzeppelin/contracts-upgradeable/interfaces/IERC5805Upgradeable.sol": {
      "lastModificationDate": 1761749208093,
      "contentHash": "c3a9d2a1ed12ceba679f14eb6d3a57e5",
      "sourceName": "@openzeppelin/contracts-upgradeable/interfaces/IERC5805Upgradeable.sol",
      "solcConfig": {
        "version": "0.8.27",
        "settings": {
          "optimizer": {
            "enabled": true,
            "runs": 200
          },
          "evmVersion": "paris",
          "outputSelection": {
            "*": {
              "*": [
                "abi",
                "evm.bytecode",
                "evm.deployedBytecode",
                "evm.methodIdentifiers",
                "metadata"
              ],
              "": [
                "ast"
              ]
            }
          }
        }
      },
      "imports": [
        "../governance/utils/IVotesUpgradeable.sol",
        "./IERC6372Upgradeable.sol"
      ],
      "versionPragmas": [
        "^0.8.0"
      ],
      "artifacts": [
        "IERC5805Upgradeable"
      ]
    },
    "/home/runner/workspace/node_modules/@openzeppelin/contracts-upgradeable/utils/math/SafeCastUpgradeable.sol": {
      "lastModificationDate": 1761749208191,
      "contentHash": "8565f9d83dfbed34d9ff896c02e23ae7",
      "sourceName": "@openzeppelin/contracts-upgradeable/utils/math/SafeCastUpgradeable.sol",
      "solcConfig": {
        "version": "0.8.27",
        "settings": {
          "optimizer": {
            "enabled": true,
            "runs": 200
          },
          "evmVersion": "paris",
          "outputSelection": {
            "*": {
              "*": [
                "abi",
                "evm.bytecode",
                "evm.deployedBytecode",
                "evm.methodIdentifiers",
                "metadata"
              ],
              "": [
                "ast"
              ]
            }
          }
        }
      },
      "imports": [],
      "versionPragmas": [
        "^0.8.0"
      ],
      "artifacts": [
        "SafeCastUpgradeable"
      ]
    },
    "/home/runner/workspace/node_modules/@openzeppelin/contracts-upgradeable/governance/utils/IVotesUpgradeable.sol": {
      "lastModificationDate": 1761749208163,
      "contentHash": "80bff8876cb4092b3586097e1d0c16ab",
      "sourceName": "@openzeppelin/contracts-upgradeable/governance/utils/IVotesUpgradeable.sol",
      "solcConfig": {
        "version": "0.8.27",
        "settings": {
          "optimizer": {
            "enabled": true,
            "runs": 200
          },
          "evmVersion": "paris",
          "outputSelection": {
            "*": {
              "*": [
                "abi",
                "evm.bytecode",
                "evm.deployedBytecode",
                "evm.methodIdentifiers",
                "metadata"
              ],
              "": [
                "ast"
              ]
            }
          }
        }
      },
      "imports": [],
      "versionPragmas": [
        "^0.8.0"
      ],
      "artifacts": [
        "IVotesUpgradeable"
      ]
    },
    "/home/runner/workspace/node_modules/@openzeppelin/contracts-upgradeable/interfaces/IERC6372Upgradeable.sol": {
      "lastModificationDate": 1761749208095,
      "contentHash": "e2c2c53276d18d51c28f29f529e1eae8",
      "sourceName": "@openzeppelin/contracts-upgradeable/interfaces/IERC6372Upgradeable.sol",
      "solcConfig": {
        "version": "0.8.27",
        "settings": {
          "optimizer": {
            "enabled": true,
            "runs": 200
          },
          "evmVersion": "paris",
          "outputSelection": {
            "*": {
              "*": [
                "abi",
                "evm.bytecode",
                "evm.deployedBytecode",
                "evm.methodIdentifiers",
                "metadata"
              ],
              "": [
                "ast"
              ]
            }
          }
        }
      },
      "imports": [],
      "versionPragmas": [
        "^0.8.0"
      ],
      "artifacts": [
        "IERC6372Upgradeable"
      ]
    },
    "/home/runner/workspace/node_modules/@openzeppelin/contracts-upgradeable/security/PausableUpgradeable.sol": {
      "lastModificationDate": 1761749208180,
      "contentHash": "6a4b611a83035a19370ecd7eb445d4fc",
      "sourceName": "@openzeppelin/contracts-upgradeable/security/PausableUpgradeable.sol",
      "solcConfig": {
        "version": "0.8.27",
        "settings": {
          "optimizer": {
            "enabled": true,
            "runs": 200
          },
          "evmVersion": "paris",
          "outputSelection": {
            "*": {
              "*": [
                "abi",
                "evm.bytecode",
                "evm.deployedBytecode",
                "evm.methodIdentifiers",
                "metadata"
              ],
              "": [
                "ast"
              ]
            }
          }
        }
      },
      "imports": [
        "../utils/ContextUpgradeable.sol",
        "../proxy/utils/Initializable.sol"
      ],
      "versionPragmas": [
        "^0.8.0"
      ],
      "artifacts": [
        "PausableUpgradeable"
      ]
    },
    "/home/runner/workspace/node_modules/@openzeppelin/contracts-upgradeable/utils/ArraysUpgradeable.sol": {
      "lastModificationDate": 1761749207573,
      "contentHash": "da56499319c21af55ec5728542ebf4b6",
      "sourceName": "@openzeppelin/contracts-upgradeable/utils/ArraysUpgradeable.sol",
      "solcConfig": {
        "version": "0.8.27",
        "settings": {
          "optimizer": {
            "enabled": true,
            "runs": 200
          },
          "evmVersion": "paris",
          "outputSelection": {
            "*": {
              "*": [
                "abi",
                "evm.bytecode",
                "evm.deployedBytecode",
                "evm.methodIdentifiers",
                "metadata"
              ],
              "": [
                "ast"
              ]
            }
          }
        }
      },
      "imports": [
        "./StorageSlotUpgradeable.sol",
        "./math/MathUpgradeable.sol"
      ],
      "versionPragmas": [
        "^0.8.0"
      ],
      "artifacts": [
        "ArraysUpgradeable"
      ]
    },
    "/home/runner/workspace/contracts/treasury/interfaces/ITreasury.sol": {
      "lastModificationDate": 1761749348685,
      "contentHash": "5d8d2c2de42c9c30096b655af0b013e8",
      "sourceName": "contracts/treasury/interfaces/ITreasury.sol",
      "solcConfig": {
        "version": "0.8.27",
        "settings": {
          "optimizer": {
            "enabled": true,
            "runs": 200
          },
          "evmVersion": "paris",
          "outputSelection": {
            "*": {
              "*": [
                "abi",
                "evm.bytecode",
                "evm.deployedBytecode",
                "evm.methodIdentifiers",
                "metadata"
              ],
              "": [
                "ast"
              ]
            }
          }
        }
      },
      "imports": [],
      "versionPragmas": [
        "^0.8.27"
      ],
      "artifacts": [
        "ITreasury"
      ]
    },
    "/home/runner/workspace/contracts/vesting/interfaces/IVesting.sol": {
      "lastModificationDate": 1761749348721,
      "contentHash": "0c39087065336d8be7bd62278f7f44bf",
      "sourceName": "contracts/vesting/interfaces/IVesting.sol",
      "solcConfig": {
        "version": "0.8.27",
        "settings": {
          "optimizer": {
            "enabled": true,
            "runs": 200
          },
          "evmVersion": "paris",
          "outputSelection": {
            "*": {
              "*": [
                "abi",
                "evm.bytecode",
                "evm.deployedBytecode",
                "evm.methodIdentifiers",
                "metadata"
              ],
              "": [
                "ast"
              ]
            }
          }
        }
      },
      "imports": [],
      "versionPragmas": [
        "^0.8.27"
      ],
      "artifacts": [
        "IVesting"
      ]
    }
  }
}
